{"iter": 250, "train/loss": 3.4271111488342285, "val/loss": 3.339458703994751, "train/lr": 9.051132292283772e-06, "table/gen": {"_type": "table-file", "sha256": "eb044d10abdea6c55c7ab0b7d3e77e2906f2d0035604b1830d730b7be05c1819", "size": 3439, "artifact_path": "wandb-client-artifact://qrkjq13li9k73z6d226xh45p9irr65mfjhqm7llwf0zr2iykxck1dji3gzqjqezrzyahg6yvempea7m41hi1avc7sf5s0t7adnpv3vdm220l92una5zrsju4lpj7c37o:latest/table/gen.table.json", "_latest_artifact_path": "wandb-client-artifact://qrkjq13li9k73z6d226xh45p9irr65mfjhqm7llwf0zr2iykxck1dji3gzqjqezrzyahg6yvempea7m41hi1avc7sf5s0t7adnpv3vdm220l92una5zrsju4lpj7c37o:latest/table/gen.table.json", "path": "media/table/table/gen_0_eb044d10abdea6c55c7a.table.json", "ncols": 6, "nrows": 6}, "_timestamp": 1674052330.1224449, "_runtime": 990.8894598484039, "_step": 250}