{"iter": 0, "train/loss": 4.267574310302734, "val/loss": 4.140090465545654, "train/lr": 1e-05, "table/gen": {"_type": "table-file", "sha256": "2287fe4dfdaa21002a178e30d3f13693b3654afa72ca8e4ac927d14da0bf3352", "size": 6222, "artifact_path": "wandb-client-artifact://dmb0cb9v77uoou942ta1lcu7l8futpwp16z40t0dm9b0vswh2jw7y6rh0f1l2hbxorrgan6x42yp4wch6q436urui2x8tje35ssxnsmxptcejjhnfhq4pszlhniur3bn:latest/table/gen.table.json", "_latest_artifact_path": "wandb-client-artifact://dmb0cb9v77uoou942ta1lcu7l8futpwp16z40t0dm9b0vswh2jw7y6rh0f1l2hbxorrgan6x42yp4wch6q436urui2x8tje35ssxnsmxptcejjhnfhq4pszlhniur3bn:latest/table/gen.table.json", "path": "media/table/table/gen_0_2287fe4dfdaa21002a17.table.json", "ncols": 6, "nrows": 1}, "_timestamp": 1674043732.243256, "_runtime": 161.85369300842285, "_step": 0}