{"iter": 50, "train/loss": 3.5882537364959717, "val/loss": 3.448129177093506, "train/lr": 1e-05, "table/gen": {"_type": "table-file", "sha256": "b5482273335688dd35abe98c3034cd521625e6552910af16b21a53bfb51f0fb7", "size": 6223, "artifact_path": "wandb-client-artifact://bpq7gn19j1yvh949dpf2nxbrjblf5571ehx58m9xov2r8dokyi0347isa3p87zair0p621g284v4wr46uztk64qf66sjqrcfvapz80e4n1ws5b4l3jyxy8q3lxrpx1yc:latest/table/gen.table.json", "_latest_artifact_path": "wandb-client-artifact://bpq7gn19j1yvh949dpf2nxbrjblf5571ehx58m9xov2r8dokyi0347isa3p87zair0p621g284v4wr46uztk64qf66sjqrcfvapz80e4n1ws5b4l3jyxy8q3lxrpx1yc:latest/table/gen.table.json", "path": "media/table/table/gen_0_b5482273335688dd35ab.table.json", "ncols": 6, "nrows": 2}, "_timestamp": 1674043211.6910453, "_runtime": 432.1240532398224, "_step": 50}