{"iter": 1000, "train/loss": 3.1777379512786865, "val/loss": 3.365516424179077, "train/lr": 1e-05, "table/gen": {"_type": "table-file", "sha256": "9950fe0f89077ef4347f77239fb07f03c79604a9fe42ecbf84381a365e63938d", "size": 6223, "artifact_path": "wandb-client-artifact://0nybhizyw7mbypo6ow88mxx1gvcn8i0ckv3k32oh2zwcbj1hcs6qgpunex4k3q8egb2hq90ahcl9s2v67551gpn1ck3suzm5q97recne7kuuxux1aataaa1ykmmf9wne:latest/table/gen.table.json", "_latest_artifact_path": "wandb-client-artifact://0nybhizyw7mbypo6ow88mxx1gvcn8i0ckv3k32oh2zwcbj1hcs6qgpunex4k3q8egb2hq90ahcl9s2v67551gpn1ck3suzm5q97recne7kuuxux1aataaa1ykmmf9wne:latest/table/gen.table.json", "path": "media/table/table/gen_0_9950fe0f89077ef4347f.table.json", "ncols": 6, "nrows": 21}, "_timestamp": 1674049420.7348921, "_runtime": 4696.813676118851, "_step": 1000}