{"iter": 1000, "train/loss": 3.2794742584228516, "val/loss": 3.3375861644744873, "train/lr": 1e-06, "table/gen": {"_type": "table-file", "sha256": "4bf68c67980e3fca65f6d627d764b31e3c33092db0abd4651e191ad3f0855ea8", "size": 2681, "artifact_path": "wandb-client-artifact://ebo3n13coy9nvucydxnjnibksm9khk7i0sdyiupfbxsvvu641hkdrbxqsv2i19ny33kd7pakxrzwr96vvgyjkqe39iyxn2zb86sp9tfjsk4gemjbhvy0gt1x4ncu9t17:latest/table/gen.table.json", "_latest_artifact_path": "wandb-client-artifact://ebo3n13coy9nvucydxnjnibksm9khk7i0sdyiupfbxsvvu641hkdrbxqsv2i19ny33kd7pakxrzwr96vvgyjkqe39iyxn2zb86sp9tfjsk4gemjbhvy0gt1x4ncu9t17:latest/table/gen.table.json", "path": "media/table/table/gen_1000_4bf68c67980e3fca65f6.table.json", "ncols": 6, "nrows": 1}, "_timestamp": 1674056250.9865909, "_runtime": 3570.7444319725037, "_step": 1000}