{"iter": 0, "train/loss": 4.267574310302734, "val/loss": 4.140090465545654, "train/lr": 0.0, "table/gen": {"_type": "table-file", "sha256": "2f95fb081a104a73ff4d02854704874bd31866aa495261881eb9b923a5f29511", "size": 3439, "artifact_path": "wandb-client-artifact://0dyd8d2yiz3upwcvknulyjuyg5y4gqgxkwz41mi568hxvw2b75ubvclw2mse1msd1r9z0zahme71u0orwg6ku7hhnupj64geud09ue7ycx8ml6d5w6cozfhzronxqbyx:latest/table/gen.table.json", "_latest_artifact_path": "wandb-client-artifact://0dyd8d2yiz3upwcvknulyjuyg5y4gqgxkwz41mi568hxvw2b75ubvclw2mse1msd1r9z0zahme71u0orwg6ku7hhnupj64geud09ue7ycx8ml6d5w6cozfhzronxqbyx:latest/table/gen.table.json", "path": "media/table/table/gen_0_2f95fb081a104a73ff4d.table.json", "ncols": 6, "nrows": 1}, "_timestamp": 1674050760.3068397, "_runtime": 104.4219286441803, "_step": 0}