{"iter": 0, "train/loss": 4.267574310302734, "val/loss": 4.140090465545654, "train/lr": 0.0, "table/gen": {"_type": "table-file", "sha256": "a2dd8ed81d0a495da5a84a0ce2bc3d90351e0f91df6f99c31c1db4ce9e221395", "size": 3439, "artifact_path": "wandb-client-artifact://7ee5at27aqzec5tti7blj4hbskdbwucd31bnhgto8rr1m6aqdr9takcnm5jakw136p4gxuegh5xaq2lc4w74ttkvf15ghmkj0omn24s5rx2v6gdhjngplijad79eyqg7:latest/table/gen.table.json", "_latest_artifact_path": "wandb-client-artifact://7ee5at27aqzec5tti7blj4hbskdbwucd31bnhgto8rr1m6aqdr9takcnm5jakw136p4gxuegh5xaq2lc4w74ttkvf15ghmkj0omn24s5rx2v6gdhjngplijad79eyqg7:latest/table/gen.table.json", "path": "media/table/table/gen_0_a2dd8ed81d0a495da5a8.table.json", "ncols": 6, "nrows": 1}, "_timestamp": 1674051070.1020966, "_runtime": 104.64641046524048, "_step": 0}