{"iter": 0, "train/loss": 4.267574310302734, "val/loss": 4.140090465545654, "train/lr": 0.0, "table/gen": {"_type": "table-file", "sha256": "540eafb17570515f3014f0f04ca356521d369ea8010ade549fc17572344a7bfd", "size": 3439, "artifact_path": "wandb-client-artifact://qyvmlrplwclv6m4by3njyz7xj9m8l3bm9ixj6ublyvhlmbxt9z0u3ekf9wr2fijay3r2bdtzio9emm4bo8gyv93vrkglotow1gqftp480mxlmmypj5yi3ypcb26yd4wm:latest/table/gen.table.json", "_latest_artifact_path": "wandb-client-artifact://qyvmlrplwclv6m4by3njyz7xj9m8l3bm9ixj6ublyvhlmbxt9z0u3ekf9wr2fijay3r2bdtzio9emm4bo8gyv93vrkglotow1gqftp480mxlmmypj5yi3ypcb26yd4wm:latest/table/gen.table.json", "path": "media/table/table/gen_0_540eafb17570515f3014.table.json", "ncols": 6, "nrows": 1}, "_timestamp": 1674050422.2413127, "_runtime": 104.60534572601318, "_step": 0}