{"iter": 80, "train/loss": 3.6648941040039062, "val/loss": 3.448129177093506, "train/lr": 1e-05, "table/generations": {"_type": "table-file", "sha256": "f32d9a1c08a843322213c17326788e7f91724f14f02655f9656986c0d3c7e451", "size": 6188, "artifact_path": "wandb-client-artifact://m3dcvw7rfodyum16kyj9bndaly4nz0xsydfguqxir3y61idg889nz5mtkrhqscc5jkwhdmsetxsh7bp69da0zat2a6my2mtm6n794u9jv8gwka3dcqoi9us3wo96oe6v:latest/table/generations.table.json", "_latest_artifact_path": "wandb-client-artifact://m3dcvw7rfodyum16kyj9bndaly4nz0xsydfguqxir3y61idg889nz5mtkrhqscc5jkwhdmsetxsh7bp69da0zat2a6my2mtm6n794u9jv8gwka3dcqoi9us3wo96oe6v:latest/table/generations.table.json", "path": "media/table/table/generations_0_f32d9a1c08a843322213.table.json", "ncols": 5, "nrows": 2}, "_timestamp": 1674042710.1613576, "_runtime": 503.12886357307434, "_step": 80}